Day of the Week,Start Time,End Time,Open Time,Close Time,Price Open,Price Close,Price High,Price Low,Volume Traded,Trade Count
Monday,2022-05-30 10:00:00+00:00,2022-05-30T11:00:00.0000000Z,2022-05-30T10:15:02.1210000Z,2022-05-30T10:48:51.7060000Z,0.00016081,0.00014932,0.00016081,0.0001476,40873160.2422,16
Monday,2022-05-30 11:00:00+00:00,2022-05-30T12:00:00.0000000Z,2022-05-30T11:22:36.7440000Z,2022-05-30T11:50:40.8130000Z,0.00015195,0.000142,0.00015195,0.000142,1425104.6607,6
Monday,2022-05-30 12:00:00+00:00,2022-05-30T13:00:00.0000000Z,2022-05-30T12:00:34.4260000Z,2022-05-30T12:37:32.5090000Z,0.00013497,0.00014237,0.00014552,0.00013497,30174628.217,10
Monday,2022-05-30 13:00:00+00:00,2022-05-30T14:00:00.0000000Z,2022-05-30T13:01:55.5080000Z,2022-05-30T13:32:48.4640000Z,0.00014033,0.00013522,0.00014033,0.00013522,12050257.3351,7
Monday,2022-05-30 14:00:00+00:00,2022-05-30T15:00:00.0000000Z,2022-05-30T14:02:30.2880000Z,2022-05-30T14:58:54.9310000Z,0.00014202,0.00014347,0.00014501,0.00013999,27658821.5993,12
Monday,2022-05-30 15:00:00+00:00,2022-05-30T16:00:00.0000000Z,2022-05-30T15:04:02.7750000Z,2022-05-30T15:59:23.0510000Z,0.00014152,0.00014078,0.00014193,0.00013796,6046304.7508,13
Monday,2022-05-30 16:00:00+00:00,2022-05-30T17:00:00.0000000Z,2022-05-30T16:16:57.1030000Z,2022-05-30T16:59:40.8270000Z,0.00013923,0.00013422,0.00014087,0.00013006,145271651.0597,19
Monday,2022-05-30 17:00:00+00:00,2022-05-30T18:00:00.0000000Z,2022-05-30T17:30:51.6530000Z,2022-05-30T17:39:37.2880000Z,0.00013692,0.0001361,0.00013692,0.0001361,32963362.6481,5
Monday,2022-05-30 18:00:00+00:00,2022-05-30T19:00:00.0000000Z,2022-05-30T18:22:09.9010000Z,2022-05-30T18:47:22.3410000Z,0.00013927,0.00013883,0.00013927,0.00013724,4052786.109,6
Monday,2022-05-30 19:00:00+00:00,2022-05-30T20:00:00.0000000Z,2022-05-30T19:43:55.5000000Z,2022-05-30T19:59:24.3970000Z,0.00013732,0.00013656,0.00013732,0.00013656,1124609.4595,2
Monday,2022-05-30 20:00:00+00:00,2022-05-30T21:00:00.0000000Z,2022-05-30T20:04:41.6460000Z,2022-05-30T20:46:42.4540000Z,0.0001361,0.00013025,0.0001361,0.00013025,39978565.9366,10
Monday,2022-05-30 21:00:00+00:00,2022-05-30T22:00:00.0000000Z,2022-05-30T21:14:20.9040000Z,2022-05-30T21:37:54.2620000Z,0.0001292,0.00012681,0.00013062,0.00011978,73290352.0921,17
Monday,2022-05-30 22:00:00+00:00,2022-05-30T23:00:00.0000000Z,2022-05-30T22:23:35.6220000Z,2022-05-30T22:52:55.5260000Z,0.00013651,0.00012681,0.00013651,0.00012681,15489984.6507,5
Monday,2022-05-30 23:00:00+00:00,2022-05-31T00:00:00.0000000Z,2022-05-30T23:01:20.5060000Z,2022-05-30T23:50:24.7190000Z,0.00012627,0.00012665,0.00012665,0.00012429,28667288.0484,6
Tuesday,2022-05-31 00:00:00+00:00,2022-05-31T01:00:00.0000000Z,2022-05-31T00:39:42.5980000Z,2022-05-31T00:59:29.9650000Z,0.00012025,0.00012,0.00012025,0.00012,91666.6668,2
Tuesday,2022-05-31 01:00:00+00:00,2022-05-31T02:00:00.0000000Z,2022-05-31T01:25:48.2380000Z,2022-05-31T01:58:39.6650000Z,0.00012097,0.0001169,0.00012203,0.0001169,4891329.8992,7
Tuesday,2022-05-31 02:00:00+00:00,2022-05-31T03:00:00.0000000Z,2022-05-31T02:25:40.6860000Z,2022-05-31T02:54:50.7670000Z,0.00012225,0.00013118,0.00013421,0.00012225,14683920.5425,6
Tuesday,2022-05-31 03:00:00+00:00,2022-05-31T04:00:00.0000000Z,2022-05-31T03:00:47.7500000Z,2022-05-31T03:37:43.1760000Z,0.0001296,0.00012845,0.0001296,0.00012793,12371225.1111,5
Tuesday,2022-05-31 04:00:00+00:00,2022-05-31T05:00:00.0000000Z,2022-05-31T04:00:11.5420000Z,2022-05-31T04:57:04.7690000Z,0.000129,0.00012374,0.00013038,0.00012374,25291484.3976,9
Tuesday,2022-05-31 05:00:00+00:00,2022-05-31T06:00:00.0000000Z,2022-05-31T05:04:10.2310000Z,2022-05-31T05:56:21.3740000Z,0.00012347,0.00011646,0.00012348,0.00011646,48639925.4235,16
Tuesday,2022-05-31 06:00:00+00:00,2022-05-31T07:00:00.0000000Z,2022-05-31T06:01:22.8730000Z,2022-05-31T06:42:41.7160000Z,0.0001171,0.00011982,0.00012558,0.0001171,88742502.926,18
Tuesday,2022-05-31 08:00:00+00:00,2022-05-31T09:00:00.0000000Z,2022-05-31T08:05:31.4880000Z,2022-05-31T08:59:09.1010000Z,0.00012027,0.00011848,0.00012027,0.00011778,2527323.3859,4
Tuesday,2022-05-31 09:00:00+00:00,2022-05-31T10:00:00.0000000Z,2022-05-31T09:15:31.9260000Z,2022-05-31T09:37:15.1610000Z,0.0001163,0.00011619,0.00011677,0.00011619,235514.9491,4
Tuesday,2022-05-31 10:00:00+00:00,2022-05-31T11:00:00.0000000Z,2022-05-31T10:06:51.0430000Z,2022-05-31T10:34:56.8080000Z,0.00011462,0.00011765,0.00011765,0.00011462,14741982.7537,4
Tuesday,2022-05-31 11:00:00+00:00,2022-05-31T12:00:00.0000000Z,2022-05-31T11:24:12.1520000Z,2022-05-31T11:24:12.1520000Z,0.00011326,0.00011326,0.00011326,0.00011326,1564513.5,1
Tuesday,2022-05-31 12:00:00+00:00,2022-05-31T13:00:00.0000000Z,2022-05-31T12:41:01.7180000Z,2022-05-31T12:57:29.0910000Z,0.00011651,0.00011711,0.00011711,0.00011651,200218.7712,2
Tuesday,2022-05-31 13:00:00+00:00,2022-05-31T14:00:00.0000000Z,2022-05-31T13:18:08.6900000Z,2022-05-31T13:55:41.5210000Z,0.00011611,0.000111,0.00011611,0.000111,8520733.1201,7
Tuesday,2022-05-31 14:00:00+00:00,2022-05-31T15:00:00.0000000Z,2022-05-31T14:08:42.9000000Z,2022-05-31T14:58:12.6670000Z,0.0001102,0.00011221,0.0001128,0.0001102,6529167.1496,3
Tuesday,2022-05-31 15:00:00+00:00,2022-05-31T16:00:00.0000000Z,2022-05-31T15:42:25.5680000Z,2022-05-31T15:42:25.5680000Z,0.00011181,0.00011181,0.00011181,0.00011181,3000000.0,1
Tuesday,2022-05-31 16:00:00+00:00,2022-05-31T17:00:00.0000000Z,2022-05-31T16:02:06.5570000Z,2022-05-31T16:45:43.9820000Z,0.00011182,0.00011251,0.0001173,0.00011182,20346428.9986,7
Tuesday,2022-05-31 17:00:00+00:00,2022-05-31T18:00:00.0000000Z,2022-05-31T17:46:32.9540000Z,2022-05-31T17:46:32.9540000Z,0.00011469,0.00011469,0.00011469,0.00011469,3304993.2343,1
Tuesday,2022-05-31 18:00:00+00:00,2022-05-31T19:00:00.0000000Z,2022-05-31T18:00:55.7720000Z,2022-05-31T18:39:50.3180000Z,0.00011519,0.0001138,0.00011519,0.00011299,27463772.3427,9
Tuesday,2022-05-31 19:00:00+00:00,2022-05-31T20:00:00.0000000Z,2022-05-31T19:04:12.0840000Z,2022-05-31T19:51:38.0490000Z,0.00011094,0.00010899,0.00011141,0.00010899,7776624.4037,6
Tuesday,2022-05-31 21:00:00+00:00,2022-05-31T22:00:00.0000000Z,2022-05-31T21:13:07.1990000Z,2022-05-31T21:46:12.8760000Z,0.00011147,0.00011423,0.00011423,0.00011147,8133374.3146,3
Tuesday,2022-05-31 22:00:00+00:00,2022-05-31T23:00:00.0000000Z,2022-05-31T22:01:21.5670000Z,2022-05-31T22:01:50.7860000Z,0.00011005,0.00011002,0.00011005,0.00010905,51692946.1638,10
Tuesday,2022-05-31 23:00:00+00:00,2022-06-01T00:00:00.0000000Z,2022-05-31T23:04:17.5180000Z,2022-05-31T23:06:34.4920000Z,0.00011353,0.00011391,0.00011391,0.00011353,750187.0,2
Wednesday,2022-06-01 00:00:00+00:00,2022-06-01T01:00:00.0000000Z,2022-06-01T00:45:37.2210000Z,2022-06-01T00:56:10.2530000Z,0.00011934,0.00012305,0.00012305,0.00011934,48997325.4363,22
Wednesday,2022-06-01 01:00:00+00:00,2022-06-01T02:00:00.0000000Z,2022-06-01T01:05:36.1100000Z,2022-06-01T01:50:44.8490000Z,0.00012625,0.00011937,0.00012755,0.00011825,51122796.4426,13
Wednesday,2022-06-01 02:00:00+00:00,2022-06-01T03:00:00.0000000Z,2022-06-01T02:20:40.1770000Z,2022-06-01T02:56:58.8430000Z,0.00011853,0.00011523,0.00011853,0.00011523,11461227.989,4
Wednesday,2022-06-01 03:00:00+00:00,2022-06-01T04:00:00.0000000Z,2022-06-01T03:07:13.4940000Z,2022-06-01T03:07:13.4940000Z,0.00011854,0.00011854,0.00011854,0.00011854,1659486.2533,1
Wednesday,2022-06-01 04:00:00+00:00,2022-06-01T05:00:00.0000000Z,2022-06-01T04:09:55.9280000Z,2022-06-01T04:25:24.2350000Z,0.00011281,0.00011026,0.00011281,0.0001096,42753671.6232,8
Wednesday,2022-06-01 05:00:00+00:00,2022-06-01T06:00:00.0000000Z,2022-06-01T05:05:41.5660000Z,2022-06-01T05:46:16.4100000Z,0.00011194,0.00010616,0.00011194,0.00010275,18162959.9763,10
Wednesday,2022-06-01 06:00:00+00:00,2022-06-01T07:00:00.0000000Z,2022-06-01T06:05:43.7510000Z,2022-06-01T06:40:01.1010000Z,0.00010725,0.00010611,0.00010725,0.00010586,20157596.0856,6
Wednesday,2022-06-01 07:00:00+00:00,2022-06-01T08:00:00.0000000Z,2022-06-01T07:06:47.0270000Z,2022-06-01T07:10:48.9180000Z,0.00010611,0.00010699,0.00010699,0.00010611,4691302.137,3
Wednesday,2022-06-01 08:00:00+00:00,2022-06-01T09:00:00.0000000Z,2022-06-01T08:48:01.9170000Z,2022-06-01T08:48:01.9170000Z,0.00010602,0.00010602,0.00010602,0.00010602,235804.5651,1
Wednesday,2022-06-01 09:00:00+00:00,2022-06-01T10:00:00.0000000Z,2022-06-01T09:40:32.3100000Z,2022-06-01T09:40:32.3100000Z,0.00010782,0.00010782,0.00010782,0.00010782,24624070.4424,1
Wednesday,2022-06-01 10:00:00+00:00,2022-06-01T11:00:00.0000000Z,2022-06-01T10:03:42.8810000Z,2022-06-01T10:10:51.0230000Z,0.00010825,0.00010728,0.00010825,0.00010728,7138649.281,2
Wednesday,2022-06-01 11:00:00+00:00,2022-06-01T12:00:00.0000000Z,2022-06-01T11:31:16.0950000Z,2022-06-01T11:31:16.0950000Z,0.00010481,0.00010481,0.00010481,0.00010481,1000004.9614,2
Wednesday,2022-06-01 14:00:00+00:00,2022-06-01T15:00:00.0000000Z,2022-06-01T14:05:09.3140000Z,2022-06-01T14:54:05.9800000Z,0.0001057,9.965e-05,0.0001057,9.803e-05,97965260.0747,27
Wednesday,2022-06-01 15:00:00+00:00,2022-06-01T16:00:00.0000000Z,2022-06-01T15:27:44.5030000Z,2022-06-01T15:52:50.0340000Z,9.803e-05,9.467e-05,9.803e-05,9.3e-05,10575519.9763,5
Wednesday,2022-06-01 16:00:00+00:00,2022-06-01T17:00:00.0000000Z,2022-06-01T16:01:28.8330000Z,2022-06-01T16:49:01.3030000Z,9.425e-05,9.393e-05,9.425e-05,9.3e-05,10470590.8314,10
Wednesday,2022-06-01 18:00:00+00:00,2022-06-01T19:00:00.0000000Z,2022-06-01T18:35:21.5420000Z,2022-06-01T18:52:20.1410000Z,0.00010131,0.00010075,0.00010247,0.00010075,25672311.7043,9
Wednesday,2022-06-01 19:00:00+00:00,2022-06-01T20:00:00.0000000Z,2022-06-01T19:25:29.7740000Z,2022-06-01T19:37:29.7800000Z,9.827e-05,9.791e-05,9.827e-05,9.791e-05,829588.5121,4
Wednesday,2022-06-01 20:00:00+00:00,2022-06-01T21:00:00.0000000Z,2022-06-01T20:09:09.4520000Z,2022-06-01T20:32:05.9980000Z,9.691e-05,9.3e-05,9.691e-05,9.3e-05,6799149.1235,5
Wednesday,2022-06-01 21:00:00+00:00,2022-06-01T22:00:00.0000000Z,2022-06-01T21:01:38.1570000Z,2022-06-01T21:44:11.2950000Z,9.592e-05,9.597e-05,9.64e-05,9.592e-05,36321448.4929,5
Wednesday,2022-06-01 22:00:00+00:00,2022-06-01T23:00:00.0000000Z,2022-06-01T22:13:10.3290000Z,2022-06-01T22:32:49.3280000Z,9.531e-05,0.0001,0.0001,9.531e-05,6332802.0933,3
Wednesday,2022-06-01 23:00:00+00:00,2022-06-02T00:00:00.0000000Z,2022-06-01T23:01:41.3630000Z,2022-06-01T23:33:25.0540000Z,9.8e-05,0.0001,0.0001,9.8e-05,9741936.0592,5
Thursday,2022-06-02 00:00:00+00:00,2022-06-02T01:00:00.0000000Z,2022-06-02T00:03:17.3890000Z,2022-06-02T00:47:34.0110000Z,9.72e-05,9.646e-05,9.771e-05,9.646e-05,12288175.3842,3
Thursday,2022-06-02 01:00:00+00:00,2022-06-02T02:00:00.0000000Z,2022-06-02T01:13:47.5540000Z,2022-06-02T01:37:58.8660000Z,9.88e-05,9.824e-05,9.88e-05,9.784e-05,7298199.4085,3
Thursday,2022-06-02 02:00:00+00:00,2022-06-02T03:00:00.0000000Z,2022-06-02T02:36:25.6720000Z,2022-06-02T02:57:39.9710000Z,9.89e-05,9.79e-05,9.89e-05,9.79e-05,4899766.9946,2
Thursday,2022-06-02 03:00:00+00:00,2022-06-02T04:00:00.0000000Z,2022-06-02T03:03:32.3540000Z,2022-06-02T03:48:07.5400000Z,9.804e-05,9.5e-05,9.804e-05,9.5e-05,8119079.0815,8
Thursday,2022-06-02 04:00:00+00:00,2022-06-02T05:00:00.0000000Z,2022-06-02T04:07:12.8050000Z,2022-06-02T04:16:29.8750000Z,9.511e-05,9.416e-05,9.54e-05,9.416e-05,10293787.4107,5
Thursday,2022-06-02 05:00:00+00:00,2022-06-02T06:00:00.0000000Z,2022-06-02T05:41:44.0610000Z,2022-06-02T05:41:44.0610000Z,9.6e-05,9.6e-05,9.6e-05,9.6e-05,2454647.9355,1
Thursday,2022-06-02 06:00:00+00:00,2022-06-02T07:00:00.0000000Z,2022-06-02T06:22:28.1200000Z,2022-06-02T06:22:28.1200000Z,9.451e-05,9.451e-05,9.451e-05,9.451e-05,1256993.339,2
Thursday,2022-06-02 07:00:00+00:00,2022-06-02T08:00:00.0000000Z,2022-06-02T07:04:52.3950000Z,2022-06-02T07:05:03.8720000Z,9.912e-05,9.981e-05,9.981e-05,9.912e-05,34405013.8937,4
Thursday,2022-06-02 08:00:00+00:00,2022-06-02T09:00:00.0000000Z,2022-06-02T08:05:58.7010000Z,2022-06-02T08:05:58.7010000Z,9.687e-05,9.687e-05,9.687e-05,9.687e-05,1054849.7986,1
Thursday,2022-06-02 09:00:00+00:00,2022-06-02T10:00:00.0000000Z,2022-06-02T09:06:12.6840000Z,2022-06-02T09:30:12.5110000Z,9.651e-05,9.561e-05,9.651e-05,9.561e-05,18157561.7708,2
Thursday,2022-06-02 10:00:00+00:00,2022-06-02T11:00:00.0000000Z,2022-06-02T10:00:29.5840000Z,2022-06-02T10:00:29.5840000Z,9.741e-05,9.741e-05,9.741e-05,9.741e-05,3136043.3223,1
Thursday,2022-06-02 11:00:00+00:00,2022-06-02T12:00:00.0000000Z,2022-06-02T11:18:26.8330000Z,2022-06-02T11:58:33.6010000Z,9.841e-05,0.00010043,0.00010275,9.841e-05,17273450.4999,9
Thursday,2022-06-02 12:00:00+00:00,2022-06-02T13:00:00.0000000Z,2022-06-02T12:06:18.7800000Z,2022-06-02T12:29:30.1650000Z,0.00010075,9.911e-05,0.000101,9.911e-05,9431182.9639,4
Thursday,2022-06-02 14:00:00+00:00,2022-06-02T15:00:00.0000000Z,2022-06-02T14:33:30.8110000Z,2022-06-02T14:33:52.3850000Z,9.676e-05,9.676e-05,9.676e-05,9.676e-05,1291856.1388,2
Thursday,2022-06-02 15:00:00+00:00,2022-06-02T16:00:00.0000000Z,2022-06-02T15:19:57.6080000Z,2022-06-02T15:55:16.0490000Z,9.801e-05,0.00010203,0.0001032,9.801e-05,34704068.2274,7
Thursday,2022-06-02 16:00:00+00:00,2022-06-02T17:00:00.0000000Z,2022-06-02T16:04:16.7440000Z,2022-06-02T16:43:29.1500000Z,0.00010192,0.00010188,0.00010518,0.00010188,9318691.1979,4
Thursday,2022-06-02 17:00:00+00:00,2022-06-02T18:00:00.0000000Z,2022-06-02T17:02:40.7990000Z,2022-06-02T17:19:59.7160000Z,0.000102,0.000101,0.000102,0.000101,4772878.0216,2
Thursday,2022-06-02 18:00:00+00:00,2022-06-02T19:00:00.0000000Z,2022-06-02T18:10:14.5210000Z,2022-06-02T18:20:03.5780000Z,0.00010023,0.00010132,0.00010132,0.00010014,1039666.8183,3
Thursday,2022-06-02 19:00:00+00:00,2022-06-02T20:00:00.0000000Z,2022-06-02T19:07:15.5060000Z,2022-06-02T19:38:37.0400000Z,9.943e-05,0.0001012,0.0001012,9.943e-05,2767600.2218,4
Thursday,2022-06-02 20:00:00+00:00,2022-06-02T21:00:00.0000000Z,2022-06-02T20:42:52.2890000Z,2022-06-02T20:42:52.2890000Z,0.00010055,0.00010055,0.00010055,0.00010055,119144.7041,1
Thursday,2022-06-02 21:00:00+00:00,2022-06-02T22:00:00.0000000Z,2022-06-02T21:12:23.4320000Z,2022-06-02T21:25:08.4590000Z,0.00010152,0.00010173,0.00010173,0.00010152,1696212.7783,2
Thursday,2022-06-02 22:00:00+00:00,2022-06-02T23:00:00.0000000Z,2022-06-02T22:12:14.3010000Z,2022-06-02T22:12:14.3010000Z,0.0001016,0.0001016,0.0001016,0.0001016,1410139.8771,1
Friday,2022-06-03 00:00:00+00:00,2022-06-03T01:00:00.0000000Z,2022-06-03T00:42:53.3900000Z,2022-06-03T00:42:53.3900000Z,0.000102,0.000102,0.000102,0.000102,2677733.314,1
Friday,2022-06-03 02:00:00+00:00,2022-06-03T03:00:00.0000000Z,2022-06-03T02:16:22.4550000Z,2022-06-03T02:16:22.4550000Z,0.0001016,0.0001016,0.0001016,0.0001016,98420.62,1
Friday,2022-06-03 03:00:00+00:00,2022-06-03T04:00:00.0000000Z,2022-06-03T03:04:24.1250000Z,2022-06-03T03:50:03.1950000Z,0.00010116,0.0001,0.00010116,0.0001,3343000.0,3
Friday,2022-06-03 04:00:00+00:00,2022-06-03T05:00:00.0000000Z,2022-06-03T04:39:27.4460000Z,2022-06-03T04:42:10.4740000Z,9.916e-05,9.971e-05,9.971e-05,9.916e-05,879574.7482,2
Friday,2022-06-03 05:00:00+00:00,2022-06-03T06:00:00.0000000Z,2022-06-03T05:16:45.5030000Z,2022-06-03T05:59:28.8240000Z,0.00010045,0.00010019,0.00010045,0.00010019,313777.6046,2
Friday,2022-06-03 07:00:00+00:00,2022-06-03T08:00:00.0000000Z,2022-06-03T07:08:58.2960000Z,2022-06-03T07:19:30.7930000Z,9.824e-05,9.891e-05,9.891e-05,9.824e-05,1394585.1492,2
Friday,2022-06-03 10:00:00+00:00,2022-06-03T11:00:00.0000000Z,2022-06-03T10:45:17.2970000Z,2022-06-03T10:45:17.2970000Z,9.523e-05,9.523e-05,9.523e-05,9.523e-05,12190341.6705,1
Friday,2022-06-03 12:00:00+00:00,2022-06-03T13:00:00.0000000Z,2022-06-03T12:39:29.1830000Z,2022-06-03T12:39:29.1830000Z,9.471e-05,9.471e-05,9.471e-05,9.471e-05,358411.4,1
Friday,2022-06-03 14:00:00+00:00,2022-06-03T15:00:00.0000000Z,2022-06-03T14:20:45.1300000Z,2022-06-03T14:54:58.0330000Z,9.533e-05,9.54e-05,9.54e-05,9.533e-05,4265653.0519,2
Friday,2022-06-03 16:00:00+00:00,2022-06-03T17:00:00.0000000Z,2022-06-03T16:35:27.1420000Z,2022-06-03T16:51:08.9830000Z,9.477e-05,9.52e-05,9.52e-05,9.472e-05,6755950.0854,3
Friday,2022-06-03 17:00:00+00:00,2022-06-03T18:00:00.0000000Z,2022-06-03T17:20:11.7390000Z,2022-06-03T17:20:11.7390000Z,9.529e-05,9.529e-05,9.529e-05,9.529e-05,14305.379,1
Friday,2022-06-03 19:00:00+00:00,2022-06-03T20:00:00.0000000Z,2022-06-03T19:14:18.0260000Z,2022-06-03T19:51:03.2910000Z,9.529e-05,9.472e-05,9.529e-05,9.472e-05,711150.3963,2
Friday,2022-06-03 21:00:00+00:00,2022-06-03T22:00:00.0000000Z,2022-06-03T21:26:12.7550000Z,2022-06-03T21:55:09.7400000Z,9.482e-05,9.622e-05,9.622e-05,9.482e-05,3581507.2194,2
Friday,2022-06-03 22:00:00+00:00,2022-06-03T23:00:00.0000000Z,2022-06-03T22:55:20.2100000Z,2022-06-03T22:55:20.2100000Z,9.584e-05,9.584e-05,9.584e-05,9.584e-05,3886436.8894,1
Saturday,2022-06-04 00:00:00+00:00,2022-06-04T01:00:00.0000000Z,2022-06-04T00:12:36.3660000Z,2022-06-04T00:32:58.5470000Z,9.574e-05,9.551e-05,9.579e-05,9.535e-05,9924498.1356,4
Saturday,2022-06-04 01:00:00+00:00,2022-06-04T02:00:00.0000000Z,2022-06-04T01:07:55.7200000Z,2022-06-04T01:46:03.7260000Z,9.583e-05,9.445e-05,9.583e-05,9.445e-05,615223.8926,2
Saturday,2022-06-04 02:00:00+00:00,2022-06-04T03:00:00.0000000Z,2022-06-04T02:30:53.9170000Z,2022-06-04T02:51:57.4970000Z,9.273e-05,9.086e-05,9.273e-05,9.086e-05,32999765.6155,4
Saturday,2022-06-04 03:00:00+00:00,2022-06-04T04:00:00.0000000Z,2022-06-04T03:40:06.4790000Z,2022-06-04T03:40:06.4790000Z,9.226e-05,9.226e-05,9.226e-05,9.226e-05,178500.0,1
Saturday,2022-06-04 05:00:00+00:00,2022-06-04T06:00:00.0000000Z,2022-06-04T05:14:00.7790000Z,2022-06-04T05:14:00.7790000Z,9.3e-05,9.3e-05,9.3e-05,9.3e-05,1075268.8172,1
Saturday,2022-06-04 07:00:00+00:00,2022-06-04T08:00:00.0000000Z,2022-06-04T07:08:07.9830000Z,2022-06-04T07:08:07.9830000Z,9.317e-05,9.317e-05,9.317e-05,9.317e-05,32199.2057,1
Saturday,2022-06-04 10:00:00+00:00,2022-06-04T11:00:00.0000000Z,2022-06-04T10:44:20.2640000Z,2022-06-04T10:49:28.8840000Z,9.36e-05,9.396e-05,9.396e-05,9.36e-05,94697.6904,2
Saturday,2022-06-04 13:00:00+00:00,2022-06-04T14:00:00.0000000Z,2022-06-04T13:24:20.5240000Z,2022-06-04T13:24:20.5240000Z,9.254e-05,9.254e-05,9.254e-05,9.254e-05,231399.0959,1
Saturday,2022-06-04 17:00:00+00:00,2022-06-04T18:00:00.0000000Z,2022-06-04T17:09:03.8510000Z,2022-06-04T17:36:04.3720000Z,9.285e-05,9.304e-05,9.304e-05,9.271e-05,10278471.5632,5
Saturday,2022-06-04 18:00:00+00:00,2022-06-04T19:00:00.0000000Z,2022-06-04T18:21:09.6140000Z,2022-06-04T18:21:09.6140000Z,9.304e-05,9.304e-05,9.304e-05,9.304e-05,2045964.8,1
Saturday,2022-06-04 19:00:00+00:00,2022-06-04T20:00:00.0000000Z,2022-06-04T19:31:06.1590000Z,2022-06-04T19:50:24.9880000Z,9.254e-05,9.244e-05,9.254e-05,9.244e-05,3690554.1231,2
Saturday,2022-06-04 20:00:00+00:00,2022-06-04T21:00:00.0000000Z,2022-06-04T20:29:58.1610000Z,2022-06-04T20:29:58.1610000Z,9.229e-05,9.229e-05,9.229e-05,9.229e-05,4255000.0,1
Saturday,2022-06-04 23:00:00+00:00,2022-06-05T00:00:00.0000000Z,2022-06-04T23:05:52.2620000Z,2022-06-04T23:38:36.4640000Z,9.221e-05,9.216e-05,9.253e-05,9.213e-05,15261471.7593,9
Sunday,2022-06-05 00:00:00+00:00,2022-06-05T01:00:00.0000000Z,2022-06-05T00:07:24.0840000Z,2022-06-05T00:07:24.0840000Z,9.252e-05,9.252e-05,9.252e-05,9.252e-05,3253317.4996,1
Sunday,2022-06-05 01:00:00+00:00,2022-06-05T02:00:00.0000000Z,2022-06-05T01:09:56.8800000Z,2022-06-05T01:58:35.9880000Z,9.002e-05,8.712e-05,9.041e-05,7.696e-05,905660829.2758,81
Sunday,2022-06-05 02:00:00+00:00,2022-06-05T03:00:00.0000000Z,2022-06-05T02:01:05.1740000Z,2022-06-05T02:57:54.2750000Z,8.612e-05,8.609e-05,8.639e-05,8.426e-05,22515443.3477,4
Sunday,2022-06-05 03:00:00+00:00,2022-06-05T04:00:00.0000000Z,2022-06-05T03:11:49.7420000Z,2022-06-05T03:29:29.2420000Z,8.545e-05,8.405e-05,8.545e-05,8.405e-05,4358388.0973,2
Sunday,2022-06-05 04:00:00+00:00,2022-06-05T05:00:00.0000000Z,2022-06-05T04:10:18.2930000Z,2022-06-05T04:29:56.4880000Z,8.32e-05,8.29e-05,8.32e-05,8.29e-05,3449412.0796,2
Sunday,2022-06-05 08:00:00+00:00,2022-06-05T09:00:00.0000000Z,2022-06-05T08:07:30.2950000Z,2022-06-05T08:07:30.2950000Z,8.488e-05,8.488e-05,8.488e-05,8.488e-05,16963114.6779,1
Sunday,2022-06-05 09:00:00+00:00,2022-06-05T10:00:00.0000000Z,2022-06-05T09:03:47.2000000Z,2022-06-05T09:13:41.8800000Z,8.329e-05,8.275e-05,8.329e-05,8.275e-05,10225320.2255,2
Sunday,2022-06-05 10:00:00+00:00,2022-06-05T11:00:00.0000000Z,2022-06-05T10:30:34.5420000Z,2022-06-05T10:30:34.5420000Z,8.191e-05,8.191e-05,8.191e-05,8.191e-05,141188.9749,1
Sunday,2022-06-05 11:00:00+00:00,2022-06-05T12:00:00.0000000Z,2022-06-05T11:22:46.3750000Z,2022-06-05T11:22:47.4700000Z,8.135e-05,8.102e-05,8.135e-05,8.102e-05,9087939.2247,2
Sunday,2022-06-05 12:00:00+00:00,2022-06-05T13:00:00.0000000Z,2022-06-05T12:01:43.0390000Z,2022-06-05T12:01:43.0390000Z,8.209e-05,8.209e-05,8.209e-05,8.209e-05,1218175.1735,1
Sunday,2022-06-05 14:00:00+00:00,2022-06-05T15:00:00.0000000Z,2022-06-05T14:53:06.6130000Z,2022-06-05T14:53:06.6130000Z,8.07e-05,8.07e-05,8.07e-05,8.07e-05,4022889.6468,1
Sunday,2022-06-05 15:00:00+00:00,2022-06-05T16:00:00.0000000Z,2022-06-05T15:53:17.5100000Z,2022-06-05T15:53:17.5100000Z,8.315e-05,8.315e-05,8.315e-05,8.315e-05,4885838.434,1
Sunday,2022-06-05 19:00:00+00:00,2022-06-05T20:00:00.0000000Z,2022-06-05T19:08:07.9260000Z,2022-06-05T19:52:35.0090000Z,8.315e-05,8.294e-05,8.315e-05,8.294e-05,3670236.5864,3
Sunday,2022-06-05 20:00:00+00:00,2022-06-05T21:00:00.0000000Z,2022-06-05T20:43:53.2740000Z,2022-06-05T20:43:53.2740000Z,8.2e-05,8.2e-05,8.2e-05,8.2e-05,4570000.0,1
Sunday,2022-06-05 21:00:00+00:00,2022-06-05T22:00:00.0000000Z,2022-06-05T21:37:15.9340000Z,2022-06-05T21:59:39.2700000Z,8.171e-05,8.127e-05,8.171e-05,8.127e-05,4595490.6699,4
Sunday,2022-06-05 22:00:00+00:00,2022-06-05T23:00:00.0000000Z,2022-06-05T22:18:04.1010000Z,2022-06-05T22:18:04.1010000Z,8.127e-05,8.127e-05,8.127e-05,8.127e-05,1243402.0009,1
Sunday,2022-06-05 23:00:00+00:00,2022-06-06T00:00:00.0000000Z,2022-06-05T23:46:51.8170000Z,2022-06-05T23:46:51.8170000Z,7.972e-05,7.976e-05,7.976e-05,7.972e-05,4586426.5962,2
Monday,2022-06-06 00:00:00+00:00,2022-06-06T01:00:00.0000000Z,2022-06-06T00:10:49.6710000Z,2022-06-06T00:30:01.6890000Z,7.976e-05,7.98e-05,7.984e-05,7.976e-05,5641822.4491,3
Monday,2022-06-06 02:00:00+00:00,2022-06-06T03:00:00.0000000Z,2022-06-06T02:22:14.4420000Z,2022-06-06T02:22:14.4420000Z,8.145e-05,8.145e-05,8.145e-05,8.145e-05,119244.1522,1
Monday,2022-06-06 05:00:00+00:00,2022-06-06T06:00:00.0000000Z,2022-06-06T05:09:49.8830000Z,2022-06-06T05:57:02.2240000Z,8.161e-05,8.128e-05,8.161e-05,8.128e-05,9289188.2075,4
Monday,2022-06-06 06:00:00+00:00,2022-06-06T07:00:00.0000000Z,2022-06-06T06:07:03.6010000Z,2022-06-06T06:07:03.6010000Z,8.12e-05,8.12e-05,8.12e-05,8.12e-05,439653.1,1
Monday,2022-06-06 07:00:00+00:00,2022-06-06T08:00:00.0000000Z,2022-06-06T07:21:34.2230000Z,2022-06-06T07:22:31.2450000Z,8.429e-05,8.5e-05,8.5e-05,8.429e-05,1171809.9244,2
Monday,2022-06-06 14:00:00+00:00,2022-06-06T15:00:00.0000000Z,2022-06-06T14:18:07.2540000Z,2022-06-06T14:19:58.9050000Z,8.353e-05,8.343e-05,8.353e-05,8.343e-05,1676505.3999,2
Monday,2022-06-06 17:00:00+00:00,2022-06-06T18:00:00.0000000Z,2022-06-06T17:24:15.8630000Z,2022-06-06T17:24:15.8630000Z,8.033e-05,8.033e-05,8.033e-05,8.033e-05,182819.3456,1
Monday,2022-06-06 19:00:00+00:00,2022-06-06T20:00:00.0000000Z,2022-06-06T19:21:13.5790000Z,2022-06-06T19:21:13.5790000Z,8.033e-05,8.033e-05,8.033e-05,8.033e-05,1011644.5537,1
Monday,2022-06-06 21:00:00+00:00,2022-06-06T22:00:00.0000000Z,2022-06-06T21:48:24.7540000Z,2022-06-06T21:48:24.7540000Z,8.075e-05,8.075e-05,8.075e-05,8.075e-05,15859.5665,1
Tuesday,2022-06-07 00:00:00+00:00,2022-06-07T01:00:00.0000000Z,2022-06-07T00:23:47.7740000Z,2022-06-07T00:54:44.0600000Z,8e-05,7.466e-05,8e-05,7.357e-05,65577751.4808,10
Tuesday,2022-06-07 01:00:00+00:00,2022-06-07T02:00:00.0000000Z,2022-06-07T01:48:45.4610000Z,2022-06-07T01:57:09.7370000Z,7.2e-05,7.222e-05,7.231e-05,7.039e-05,74184115.3462,8
Tuesday,2022-06-07 02:00:00+00:00,2022-06-07T03:00:00.0000000Z,2022-06-07T02:17:18.5920000Z,2022-06-07T02:47:54.1230000Z,7.137e-05,7.302e-05,7.302e-05,7.137e-05,36827050.8909,5
Tuesday,2022-06-07 03:00:00+00:00,2022-06-07T04:00:00.0000000Z,2022-06-07T03:00:35.1940000Z,2022-06-07T03:25:58.0940000Z,7.3e-05,7.5e-05,7.5e-05,7.3e-05,25310789.7643,4
Tuesday,2022-06-07 05:00:00+00:00,2022-06-07T06:00:00.0000000Z,2022-06-07T05:11:56.9220000Z,2022-06-07T05:11:56.9220000Z,7.107e-05,7.107e-05,7.107e-05,7.107e-05,99230.0,2
Tuesday,2022-06-07 07:00:00+00:00,2022-06-07T08:00:00.0000000Z,2022-06-07T07:05:26.5790000Z,2022-06-07T07:05:26.6630000Z,7.188e-05,7.224e-05,7.224e-05,7.188e-05,36064105.7643,3
Tuesday,2022-06-07 10:00:00+00:00,2022-06-07T11:00:00.0000000Z,2022-06-07T10:02:46.0260000Z,2022-06-07T10:02:46.0260000Z,7.241e-05,7.241e-05,7.241e-05,7.241e-05,3026745.0,3
Tuesday,2022-06-07 12:00:00+00:00,2022-06-07T13:00:00.0000000Z,2022-06-07T12:22:52.0870000Z,2022-06-07T12:23:11.0150000Z,7e-05,6.964e-05,7e-05,6.964e-05,3679281.808,3
Tuesday,2022-06-07 13:00:00+00:00,2022-06-07T14:00:00.0000000Z,2022-06-07T13:57:27.0930000Z,2022-06-07T13:57:29.1450000Z,7.204e-05,7.2e-05,7.227e-05,7.2e-05,12451441.928,3
Tuesday,2022-06-07 14:00:00+00:00,2022-06-07T15:00:00.0000000Z,2022-06-07T14:02:27.3670000Z,2022-06-07T14:20:30.9940000Z,7.176e-05,7.187e-05,7.187e-05,7.176e-05,4002103.9034,2
Tuesday,2022-06-07 16:00:00+00:00,2022-06-07T17:00:00.0000000Z,2022-06-07T16:05:32.5590000Z,2022-06-07T16:05:32.5590000Z,7.175e-05,7.175e-05,7.175e-05,7.175e-05,4526173.0113,1
Tuesday,2022-06-07 19:00:00+00:00,2022-06-07T20:00:00.0000000Z,2022-06-07T19:09:13.7050000Z,2022-06-07T19:56:01.8500000Z,7.143e-05,7.232e-05,7.232e-05,7.122e-05,55674145.6659,6
Tuesday,2022-06-07 21:00:00+00:00,2022-06-07T22:00:00.0000000Z,2022-06-07T21:47:14.8810000Z,2022-06-07T21:47:14.8810000Z,7.026e-05,7.026e-05,7.026e-05,7.026e-05,15821940.5799,3
Tuesday,2022-06-07 22:00:00+00:00,2022-06-07T23:00:00.0000000Z,2022-06-07T22:23:12.2140000Z,2022-06-07T22:50:15.2300000Z,7.055e-05,6.388e-05,7.055e-05,6.342e-05,308833995.639,25
Tuesday,2022-06-07 23:00:00+00:00,2022-06-08T00:00:00.0000000Z,2022-06-07T23:22:48.9240000Z,2022-06-07T23:36:40.8440000Z,6.434e-05,6.411e-05,6.442e-05,6.411e-05,32058304.8085,3
Wednesday,2022-06-08 00:00:00+00:00,2022-06-08T01:00:00.0000000Z,2022-06-08T00:04:56.0680000Z,2022-06-08T00:31:25.2430000Z,6e-05,6.196e-05,6.237e-05,5.94e-05,82250548.3972,9
Wednesday,2022-06-08 01:00:00+00:00,2022-06-08T02:00:00.0000000Z,2022-06-08T01:03:30.8340000Z,2022-06-08T01:56:32.7740000Z,6.031e-05,6.168e-05,6.168e-05,5.99e-05,135030959.1812,13
Wednesday,2022-06-08 02:00:00+00:00,2022-06-08T03:00:00.0000000Z,2022-06-08T02:07:39.3300000Z,2022-06-08T02:54:51.0770000Z,6.215e-05,6.079e-05,6.215e-05,6.079e-05,15341889.9331,5
Wednesday,2022-06-08 03:00:00+00:00,2022-06-08T04:00:00.0000000Z,2022-06-08T03:29:54.8130000Z,2022-06-08T03:48:38.7720000Z,5.942e-05,5.736e-05,5.942e-05,5.527e-05,243295016.4932,23
Wednesday,2022-06-08 04:00:00+00:00,2022-06-08T05:00:00.0000000Z,2022-06-08T04:01:01.0770000Z,2022-06-08T04:28:59.1790000Z,5.694e-05,5.759e-05,5.801e-05,5.694e-05,32619946.4412,3
Wednesday,2022-06-08 05:00:00+00:00,2022-06-08T06:00:00.0000000Z,2022-06-08T05:04:40.6020000Z,2022-06-08T05:59:09.6170000Z,5.665e-05,6.406e-05,6.411e-05,5.665e-05,65635450.7446,5
Wednesday,2022-06-08 06:00:00+00:00,2022-06-08T07:00:00.0000000Z,2022-06-08T06:01:59.7740000Z,2022-06-08T06:32:46.9910000Z,6.258e-05,6.135e-05,6.258e-05,6.115e-05,120625686.3954,14
Wednesday,2022-06-08 07:00:00+00:00,2022-06-08T08:00:00.0000000Z,2022-06-08T07:05:33.0350000Z,2022-06-08T07:38:01.4140000Z,6.022e-05,6.111e-05,6.111e-05,6.022e-05,12916827.401,3
Wednesday,2022-06-08 11:00:00+00:00,2022-06-08T12:00:00.0000000Z,2022-06-08T11:37:58.5550000Z,2022-06-08T11:37:58.5550000Z,6.188e-05,6.188e-05,6.188e-05,6.188e-05,848355.8535,1
Wednesday,2022-06-08 12:00:00+00:00,2022-06-08T13:00:00.0000000Z,2022-06-08T12:26:10.7040000Z,2022-06-08T12:35:07.1770000Z,5.918e-05,5.887e-05,5.918e-05,5.887e-05,9090788.6026,2
Wednesday,2022-06-08 13:00:00+00:00,2022-06-08T14:00:00.0000000Z,2022-06-08T13:06:59.6460000Z,2022-06-08T13:06:59.6460000Z,6.06e-05,6.06e-05,6.06e-05,6.06e-05,5470368.8273,1
Wednesday,2022-06-08 15:00:00+00:00,2022-06-08T16:00:00.0000000Z,2022-06-08T15:02:26.8480000Z,2022-06-08T15:02:26.8480000Z,5.915e-05,5.915e-05,5.915e-05,5.915e-05,5686926.7259,1
Wednesday,2022-06-08 17:00:00+00:00,2022-06-08T18:00:00.0000000Z,2022-06-08T17:27:12.5240000Z,2022-06-08T17:52:01.5640000Z,5.811e-05,5.762e-05,5.811e-05,5.672e-05,87550187.5379,12
Wednesday,2022-06-08 18:00:00+00:00,2022-06-08T19:00:00.0000000Z,2022-06-08T18:32:30.1990000Z,2022-06-08T18:33:16.4200000Z,5.433e-05,5.598e-05,5.62e-05,5.433e-05,37084752.6779,5
Wednesday,2022-06-08 20:00:00+00:00,2022-06-08T21:00:00.0000000Z,2022-06-08T20:39:31.4870000Z,2022-06-08T20:39:31.4870000Z,5.232e-05,5.232e-05,5.232e-05,5.232e-05,764525.9942,2
Wednesday,2022-06-08 21:00:00+00:00,2022-06-08T22:00:00.0000000Z,2022-06-08T21:02:43.0980000Z,2022-06-08T21:51:55.1320000Z,5.058e-05,5.065e-05,5.292e-05,5.053e-05,126182422.3457,6
Wednesday,2022-06-08 23:00:00+00:00,2022-06-09T00:00:00.0000000Z,2022-06-08T23:02:36.3120000Z,2022-06-08T23:45:31.7500000Z,5.041e-05,4.824e-05,5.047e-05,4.824e-05,71322612.5679,8
Thursday,2022-06-09 01:00:00+00:00,2022-06-09T02:00:00.0000000Z,2022-06-09T01:07:04.1750000Z,2022-06-09T01:53:11.4300000Z,5.051e-05,5.055e-05,5.337e-05,4.889e-05,855885993.3684,70
Thursday,2022-06-09 02:00:00+00:00,2022-06-09T03:00:00.0000000Z,2022-06-09T02:03:50.3130000Z,2022-06-09T02:57:59.1220000Z,5.064e-05,5.865e-05,6.181e-05,5.064e-05,542819487.2488,52
Thursday,2022-06-09 03:00:00+00:00,2022-06-09T04:00:00.0000000Z,2022-06-09T03:06:21.1840000Z,2022-06-09T03:59:59.0430000Z,6.189e-05,7.413e-05,8.598e-05,6.189e-05,2624325923.4053,242
Thursday,2022-06-09 04:00:00+00:00,2022-06-09T05:00:00.0000000Z,2022-06-09T04:00:38.9220000Z,2022-06-09T04:56:59.4690000Z,7.402e-05,6.712e-05,7.902e-05,6.712e-05,415160405.5181,50
Thursday,2022-06-09 05:00:00+00:00,2022-06-09T06:00:00.0000000Z,2022-06-09T05:01:26.8120000Z,2022-06-09T05:49:11.5730000Z,7.107e-05,7.264e-05,7.383e-05,7.048e-05,191932591.1043,11
Thursday,2022-06-09 06:00:00+00:00,2022-06-09T07:00:00.0000000Z,2022-06-09T06:25:54.8390000Z,2022-06-09T06:50:56.1100000Z,6.924e-05,7.032e-05,7.091e-05,6.854e-05,57596817.128,6
Thursday,2022-06-09 07:00:00+00:00,2022-06-09T08:00:00.0000000Z,2022-06-09T07:04:47.2920000Z,2022-06-09T07:42:48.5950000Z,7.254e-05,7.347e-05,7.347e-05,7.254e-05,7989160.0329,3
Thursday,2022-06-09 08:00:00+00:00,2022-06-09T09:00:00.0000000Z,2022-06-09T08:10:41.2590000Z,2022-06-09T08:10:41.2590000Z,7.215e-05,7.215e-05,7.215e-05,7.215e-05,4720507.7008,1
Thursday,2022-06-09 09:00:00+00:00,2022-06-09T10:00:00.0000000Z,2022-06-09T09:02:29.7190000Z,2022-06-09T09:55:07.8850000Z,7.112e-05,6.397e-05,7.112e-05,6.397e-05,67125742.8463,9
Thursday,2022-06-09 10:00:00+00:00,2022-06-09T11:00:00.0000000Z,2022-06-09T10:53:09.6680000Z,2022-06-09T10:53:09.6680000Z,6.736e-05,6.736e-05,6.736e-05,6.736e-05,4179988.2401,1
Thursday,2022-06-09 11:00:00+00:00,2022-06-09T12:00:00.0000000Z,2022-06-09T11:14:04.9820000Z,2022-06-09T11:57:41.5200000Z,6.573e-05,6.528e-05,6.595e-05,6.412e-05,84794619.4266,9
Thursday,2022-06-09 12:00:00+00:00,2022-06-09T13:00:00.0000000Z,2022-06-09T12:17:11.2220000Z,2022-06-09T12:48:09.7590000Z,6.361e-05,6.278e-05,6.361e-05,6.166e-05,28592043.2243,5
Thursday,2022-06-09 13:00:00+00:00,2022-06-09T14:00:00.0000000Z,2022-06-09T13:03:45.1460000Z,2022-06-09T13:35:24.9080000Z,6.358e-05,6.319e-05,6.429e-05,6.319e-05,32245602.9639,8
Thursday,2022-06-09 14:00:00+00:00,2022-06-09T15:00:00.0000000Z,2022-06-09T14:04:37.4610000Z,2022-06-09T14:51:45.5840000Z,6.458e-05,6.981e-05,7.584e-05,6.368e-05,545120451.2661,63
Thursday,2022-06-09 15:00:00+00:00,2022-06-09T16:00:00.0000000Z,2022-06-09T15:00:13.8220000Z,2022-06-09T15:57:11.6980000Z,7.069e-05,7.323e-05,8.127e-05,7.069e-05,243312605.5226,32
Thursday,2022-06-09 16:00:00+00:00,2022-06-09T17:00:00.0000000Z,2022-06-09T16:08:03.4320000Z,2022-06-09T16:46:22.8170000Z,6.993e-05,7.027e-05,7.031e-05,6.985e-05,37280183.6791,8
Thursday,2022-06-09 17:00:00+00:00,2022-06-09T18:00:00.0000000Z,2022-06-09T17:09:31.8460000Z,2022-06-09T17:51:09.9310000Z,7.168e-05,7.422e-05,7.422e-05,7.053e-05,58198693.257,12
Thursday,2022-06-09 18:00:00+00:00,2022-06-09T19:00:00.0000000Z,2022-06-09T18:01:04.1390000Z,2022-06-09T18:45:58.5090000Z,7.374e-05,7.269e-05,7.374e-05,7.226e-05,14784008.0485,5
Thursday,2022-06-09 19:00:00+00:00,2022-06-09T20:00:00.0000000Z,2022-06-09T19:16:40.0740000Z,2022-06-09T19:59:21.4710000Z,7.256e-05,7.871e-05,7.871e-05,7.256e-05,44152002.9211,4
Thursday,2022-06-09 20:00:00+00:00,2022-06-09T21:00:00.0000000Z,2022-06-09T20:00:36.3740000Z,2022-06-09T20:59:51.0770000Z,7.669e-05,8.216e-05,8.469e-05,7.669e-05,420081093.5181,43
Thursday,2022-06-09 21:00:00+00:00,2022-06-09T22:00:00.0000000Z,2022-06-09T21:01:03.8230000Z,2022-06-09T21:58:00.0950000Z,8.42e-05,7.995e-05,8.434e-05,7.695e-05,336361574.5507,46
Thursday,2022-06-09 22:00:00+00:00,2022-06-09T23:00:00.0000000Z,2022-06-09T22:03:02.8390000Z,2022-06-09T22:48:25.8930000Z,8.014e-05,7.872e-05,8.129e-05,7.818e-05,99399482.7642,12
Thursday,2022-06-09 23:00:00+00:00,2022-06-10T00:00:00.0000000Z,2022-06-09T23:09:24.7820000Z,2022-06-09T23:58:52.1020000Z,7.504e-05,7.491e-05,7.661e-05,7.471e-05,181490602.5495,14
Friday,2022-06-10 00:00:00+00:00,2022-06-10T01:00:00.0000000Z,2022-06-10T00:00:49.3620000Z,2022-06-10T00:42:16.3100000Z,7.584e-05,8.1e-05,8.129e-05,7.584e-05,102765974.1495,28
Friday,2022-06-10 01:00:00+00:00,2022-06-10T02:00:00.0000000Z,2022-06-10T01:05:38.6370000Z,2022-06-10T01:55:07.5630000Z,8.008e-05,7.985e-05,8.008e-05,7.935e-05,45645962.1859,9
Friday,2022-06-10 02:00:00+00:00,2022-06-10T03:00:00.0000000Z,2022-06-10T02:00:53.9410000Z,2022-06-10T02:03:16.8130000Z,8.008e-05,8.242e-05,8.242e-05,8.008e-05,8852168.02,2
Friday,2022-06-10 03:00:00+00:00,2022-06-10T04:00:00.0000000Z,2022-06-10T03:14:25.5870000Z,2022-06-10T03:34:37.3140000Z,7.8e-05,7.662e-05,7.8e-05,7.53e-05,162564162.3044,13
Friday,2022-06-10 04:00:00+00:00,2022-06-10T05:00:00.0000000Z,2022-06-10T04:10:42.6780000Z,2022-06-10T04:10:42.6780000Z,7.374e-05,7.374e-05,7.374e-05,7.374e-05,3055956.1354,1
Friday,2022-06-10 05:00:00+00:00,2022-06-10T06:00:00.0000000Z,2022-06-10T05:40:48.2710000Z,2022-06-10T05:58:30.5350000Z,7.366e-05,7.393e-05,7.44e-05,7.366e-05,14310389.5317,3
Friday,2022-06-10 06:00:00+00:00,2022-06-10T07:00:00.0000000Z,2022-06-10T06:25:20.8910000Z,2022-06-10T06:52:02.4010000Z,7.521e-05,7.581e-05,7.581e-05,7.521e-05,6575195.2372,2
Friday,2022-06-10 08:00:00+00:00,2022-06-10T09:00:00.0000000Z,2022-06-10T08:00:24.3570000Z,2022-06-10T08:36:47.4310000Z,7.592e-05,7.449e-05,7.592e-05,7.449e-05,20911600.5382,2
Friday,2022-06-10 10:00:00+00:00,2022-06-10T11:00:00.0000000Z,2022-06-10T10:26:55.5890000Z,2022-06-10T10:56:49.2800000Z,7.377e-05,7.25e-05,7.377e-05,7.239e-05,52204209.5311,5
Friday,2022-06-10 11:00:00+00:00,2022-06-10T12:00:00.0000000Z,2022-06-10T11:24:21.7180000Z,2022-06-10T11:24:22.8370000Z,7.479e-05,7.479e-05,7.479e-05,7.479e-05,38513619.8023,2
Friday,2022-06-10 12:00:00+00:00,2022-06-10T13:00:00.0000000Z,2022-06-10T12:25:49.5830000Z,2022-06-10T12:25:49.5830000Z,7.663e-05,7.663e-05,7.663e-05,7.663e-05,24209546.4308,1
Friday,2022-06-10 13:00:00+00:00,2022-06-10T14:00:00.0000000Z,2022-06-10T13:01:56.6180000Z,2022-06-10T13:59:49.9900000Z,7.286e-05,7.107e-05,7.286e-05,6.86e-05,136211241.183,22
Friday,2022-06-10 14:00:00+00:00,2022-06-10T15:00:00.0000000Z,2022-06-10T14:05:41.0840000Z,2022-06-10T14:54:06.8250000Z,6.993e-05,7.247e-05,7.247e-05,6.993e-05,39114807.1011,4
Friday,2022-06-10 15:00:00+00:00,2022-06-10T16:00:00.0000000Z,2022-06-10T15:01:19.7510000Z,2022-06-10T15:26:26.5870000Z,7.145e-05,6.984e-05,7.145e-05,6.984e-05,990516.5327,3
Friday,2022-06-10 16:00:00+00:00,2022-06-10T17:00:00.0000000Z,2022-06-10T16:29:23.8850000Z,2022-06-10T16:41:34.3890000Z,6.882e-05,6.758e-05,6.882e-05,6.751e-05,34091771.4221,4
Friday,2022-06-10 17:00:00+00:00,2022-06-10T18:00:00.0000000Z,2022-06-10T17:25:04.6370000Z,2022-06-10T17:44:11.5710000Z,6.996e-05,7.083e-05,7.083e-05,6.996e-05,935319.9709,3
Friday,2022-06-10 20:00:00+00:00,2022-06-10T21:00:00.0000000Z,2022-06-10T20:59:30.6380000Z,2022-06-10T20:59:30.6380000Z,7.217e-05,7.217e-05,7.217e-05,7.217e-05,1385617.2924,2
Friday,2022-06-10 23:00:00+00:00,2022-06-11T00:00:00.0000000Z,2022-06-10T23:00:12.3490000Z,2022-06-10T23:00:12.3490000Z,7.213e-05,7.213e-05,7.213e-05,7.213e-05,100000.0,1
Saturday,2022-06-11 01:00:00+00:00,2022-06-11T02:00:00.0000000Z,2022-06-11T01:00:51.8980000Z,2022-06-11T01:00:51.8980000Z,7.164e-05,7.164e-05,7.164e-05,7.164e-05,3489670.575,1
Saturday,2022-06-11 02:00:00+00:00,2022-06-11T03:00:00.0000000Z,2022-06-11T02:14:13.0120000Z,2022-06-11T02:14:13.0120000Z,7.29e-05,7.29e-05,7.29e-05,7.29e-05,212340.0807,1
Saturday,2022-06-11 11:00:00+00:00,2022-06-11T12:00:00.0000000Z,2022-06-11T11:21:31.6840000Z,2022-06-11T11:37:25.5260000Z,6.9e-05,6.733e-05,6.9e-05,6.733e-05,66836706.0394,5
Saturday,2022-06-11 13:00:00+00:00,2022-06-11T14:00:00.0000000Z,2022-06-11T13:06:50.3410000Z,2022-06-11T13:23:01.0770000Z,6.61e-05,6.707e-05,6.761e-05,6.61e-05,25674964.5569,7
Saturday,2022-06-11 15:00:00+00:00,2022-06-11T16:00:00.0000000Z,2022-06-11T15:25:34.6220000Z,2022-06-11T15:25:34.6220000Z,6.674e-05,6.674e-05,6.674e-05,6.674e-05,25441086.0662,1
Saturday,2022-06-11 16:00:00+00:00,2022-06-11T17:00:00.0000000Z,2022-06-11T16:10:25.7770000Z,2022-06-11T16:10:25.7770000Z,6.749e-05,6.749e-05,6.749e-05,6.749e-05,500000.0,1
Saturday,2022-06-11 17:00:00+00:00,2022-06-11T18:00:00.0000000Z,2022-06-11T17:30:21.9450000Z,2022-06-11T17:32:39.6800000Z,6.772e-05,6.762e-05,6.772e-05,6.762e-05,3398519.7419,2
Saturday,2022-06-11 19:00:00+00:00,2022-06-11T20:00:00.0000000Z,2022-06-11T19:22:57.5700000Z,2022-06-11T19:26:00.1790000Z,7.089e-05,7.177e-05,7.209e-05,7.089e-05,15768624.98,6
Saturday,2022-06-11 22:00:00+00:00,2022-06-11T23:00:00.0000000Z,2022-06-11T22:11:00.8020000Z,2022-06-11T22:11:00.8020000Z,7.099e-05,7.099e-05,7.099e-05,7.099e-05,502000.0,1
Saturday,2022-06-11 23:00:00+00:00,2022-06-12T00:00:00.0000000Z,2022-06-11T23:13:44.6740000Z,2022-06-11T23:19:08.2200000Z,6.996e-05,6.915e-05,6.996e-05,6.884e-05,23182699.7389,5
Sunday,2022-06-12 00:00:00+00:00,2022-06-12T01:00:00.0000000Z,2022-06-12T00:46:33.5910000Z,2022-06-12T00:46:33.5910000Z,6.916e-05,6.916e-05,6.916e-05,6.916e-05,2708728.9684,1
Sunday,2022-06-12 01:00:00+00:00,2022-06-12T02:00:00.0000000Z,2022-06-12T01:51:39.2360000Z,2022-06-12T01:51:39.2360000Z,8.299e-05,8.299e-05,8.299e-05,8.299e-05,1204964.4535,1
Sunday,2022-06-12 02:00:00+00:00,2022-06-12T03:00:00.0000000Z,2022-06-12T02:08:07.3190000Z,2022-06-12T02:31:11.7770000Z,6.751e-05,6.604e-05,6.751e-05,6.604e-05,5305700.673,2
Sunday,2022-06-12 03:00:00+00:00,2022-06-12T04:00:00.0000000Z,2022-06-12T03:00:06.1670000Z,2022-06-12T03:32:02.9570000Z,6.571e-05,6.667e-05,6.67e-05,6.567e-05,20460052.35,7
Sunday,2022-06-12 04:00:00+00:00,2022-06-12T05:00:00.0000000Z,2022-06-12T04:36:50.3610000Z,2022-06-12T04:36:50.3610000Z,6.608e-05,6.608e-05,6.608e-05,6.608e-05,2399880.0059,1
Sunday,2022-06-12 05:00:00+00:00,2022-06-12T06:00:00.0000000Z,2022-06-12T05:11:25.9770000Z,2022-06-12T05:11:25.9770000Z,6.595e-05,6.595e-05,6.595e-05,6.595e-05,363440.0,1
Sunday,2022-06-12 13:00:00+00:00,2022-06-12T14:00:00.0000000Z,2022-06-12T13:09:33.0690000Z,2022-06-12T13:19:11.7450000Z,7.048e-05,7.124e-05,7.131e-05,7.048e-05,171949757.9724,16
Sunday,2022-06-12 15:00:00+00:00,2022-06-12T16:00:00.0000000Z,2022-06-12T15:24:01.4580000Z,2022-06-12T15:24:01.4580000Z,7.264e-05,7.264e-05,7.264e-05,7.264e-05,769401.4553,1
Sunday,2022-06-12 18:00:00+00:00,2022-06-12T19:00:00.0000000Z,2022-06-12T18:36:37.6210000Z,2022-06-12T18:36:37.6210000Z,7.166e-05,7.166e-05,7.166e-05,7.166e-05,27825.5697,1
Sunday,2022-06-12 23:00:00+00:00,2022-06-13T00:00:00.0000000Z,2022-06-12T23:25:20.2930000Z,2022-06-12T23:43:27.9840000Z,7.166e-05,6.857e-05,7.166e-05,6.846e-05,12407929.8699,5
Monday,2022-06-13 00:00:00+00:00,2022-06-13T01:00:00.0000000Z,2022-06-13T00:01:42.2010000Z,2022-06-13T00:40:13.2470000Z,6.934e-05,6.934e-05,6.934e-05,6.934e-05,421041.9902,2
Monday,2022-06-13 02:00:00+00:00,2022-06-13T03:00:00.0000000Z,2022-06-13T02:45:46.1850000Z,2022-06-13T02:50:42.7300000Z,7.062e-05,6.976e-05,7.062e-05,6.976e-05,7137406.2207,2
Monday,2022-06-13 03:00:00+00:00,2022-06-13T04:00:00.0000000Z,2022-06-13T03:02:15.4540000Z,2022-06-13T03:48:50.6560000Z,6.848e-05,6.941e-05,6.941e-05,6.848e-05,23138908.739,3
Monday,2022-06-13 05:00:00+00:00,2022-06-13T06:00:00.0000000Z,2022-06-13T05:04:48.2180000Z,2022-06-13T05:04:50.7860000Z,6.912e-05,6.912e-05,6.912e-05,6.912e-05,11380365.2459,4
Monday,2022-06-13 08:00:00+00:00,2022-06-13T09:00:00.0000000Z,2022-06-13T08:02:49.3410000Z,2022-06-13T08:46:45.9890000Z,6.7e-05,6.251e-05,6.7e-05,5.906e-05,433512355.5725,29
Monday,2022-06-13 09:00:00+00:00,2022-06-13T10:00:00.0000000Z,2022-06-13T09:02:10.6530000Z,2022-06-13T09:45:58.6990000Z,5.933e-05,5.719e-05,6.041e-05,5.619e-05,164613583.4809,15
Monday,2022-06-13 11:00:00+00:00,2022-06-13T12:00:00.0000000Z,2022-06-13T11:02:08.8810000Z,2022-06-13T11:02:08.8810000Z,6.007e-05,6.007e-05,6.007e-05,6.007e-05,931996.5304,1
Monday,2022-06-13 12:00:00+00:00,2022-06-13T13:00:00.0000000Z,2022-06-13T12:13:02.9780000Z,2022-06-13T12:27:55.7990000Z,6.007e-05,6.094e-05,6.094e-05,6.007e-05,8767884.1303,3
Monday,2022-06-13 13:00:00+00:00,2022-06-13T14:00:00.0000000Z,2022-06-13T13:39:00.1340000Z,2022-06-13T13:39:00.1340000Z,5.994e-05,5.994e-05,5.994e-05,5.994e-05,40667.5905,1
Monday,2022-06-13 15:00:00+00:00,2022-06-13T16:00:00.0000000Z,2022-06-13T15:08:13.6140000Z,2022-06-13T15:43:18.5390000Z,5.975e-05,6.349e-05,6.426e-05,5.975e-05,72457635.093,7
Monday,2022-06-13 16:00:00+00:00,2022-06-13T17:00:00.0000000Z,2022-06-13T16:15:04.5610000Z,2022-06-13T16:15:04.5610000Z,6.393e-05,6.393e-05,6.393e-05,6.393e-05,1998029.2,2
Monday,2022-06-13 19:00:00+00:00,2022-06-13T20:00:00.0000000Z,2022-06-13T19:02:53.8540000Z,2022-06-13T19:02:53.8540000Z,6.312e-05,6.312e-05,6.312e-05,6.312e-05,703350.5394,3
Monday,2022-06-13 20:00:00+00:00,2022-06-13T21:00:00.0000000Z,2022-06-13T20:57:43.5650000Z,2022-06-13T20:57:45.3080000Z,6.242e-05,6.237e-05,6.242e-05,6.233e-05,33814077.9877,4
Monday,2022-06-13 21:00:00+00:00,2022-06-13T22:00:00.0000000Z,2022-06-13T21:01:20.5400000Z,2022-06-13T21:01:38.3920000Z,6.186e-05,6.119e-05,6.186e-05,6.117e-05,48638324.671,4
Monday,2022-06-13 22:00:00+00:00,2022-06-13T23:00:00.0000000Z,2022-06-13T22:36:50.1070000Z,2022-06-13T22:36:50.1070000Z,6.119e-05,6.119e-05,6.119e-05,6.119e-05,609377.0,1
Monday,2022-06-13 23:00:00+00:00,2022-06-14T00:00:00.0000000Z,2022-06-13T23:20:51.9600000Z,2022-06-13T23:20:51.9600000Z,5.968e-05,5.968e-05,5.968e-05,5.968e-05,6045792.332,2
Tuesday,2022-06-14 02:00:00+00:00,2022-06-14T03:00:00.0000000Z,2022-06-14T02:10:24.2590000Z,2022-06-14T02:28:37.5810000Z,5.717e-05,5.603e-05,5.717e-05,5.603e-05,7320613.109,2
Tuesday,2022-06-14 03:00:00+00:00,2022-06-14T04:00:00.0000000Z,2022-06-14T03:05:07.3880000Z,2022-06-14T03:51:15.9100000Z,5.795e-05,5.961e-05,5.968e-05,5.795e-05,6706939.8673,3
Tuesday,2022-06-14 04:00:00+00:00,2022-06-14T05:00:00.0000000Z,2022-06-14T04:54:41.8260000Z,2022-06-14T04:54:41.8260000Z,5.895e-05,5.895e-05,5.895e-05,5.895e-05,1111024.6551,1
Tuesday,2022-06-14 05:00:00+00:00,2022-06-14T06:00:00.0000000Z,2022-06-14T05:01:15.1170000Z,2022-06-14T05:36:01.9740000Z,5.959e-05,6.058e-05,6.058e-05,5.959e-05,3314778.7952,3
Tuesday,2022-06-14 08:00:00+00:00,2022-06-14T09:00:00.0000000Z,2022-06-14T08:00:39.9620000Z,2022-06-14T08:00:53.8320000Z,6.263e-05,6.263e-05,6.266e-05,6.263e-05,39379756.7125,13
Tuesday,2022-06-14 11:00:00+00:00,2022-06-14T12:00:00.0000000Z,2022-06-14T11:09:41.3500000Z,2022-06-14T11:40:31.2690000Z,6.007e-05,5.944e-05,6.007e-05,5.927e-05,11030717.9694,5
Tuesday,2022-06-14 13:00:00+00:00,2022-06-14T14:00:00.0000000Z,2022-06-14T13:46:40.5120000Z,2022-06-14T13:46:40.5120000Z,6.085e-05,6.085e-05,6.085e-05,6.085e-05,500000.0,1
Tuesday,2022-06-14 14:00:00+00:00,2022-06-14T15:00:00.0000000Z,2022-06-14T14:20:50.5350000Z,2022-06-14T14:28:13.4450000Z,6.085e-05,6.076e-05,6.085e-05,6.076e-05,3289204.9919,2
Tuesday,2022-06-14 15:00:00+00:00,2022-06-14T16:00:00.0000000Z,2022-06-14T15:19:25.4670000Z,2022-06-14T15:26:58.5870000Z,6.129e-05,6.124e-05,6.129e-05,6.114e-05,2508995.2166,4
Tuesday,2022-06-14 17:00:00+00:00,2022-06-14T18:00:00.0000000Z,2022-06-14T17:02:08.2330000Z,2022-06-14T17:30:32.8690000Z,6.019e-05,6.089e-05,6.092e-05,5.987e-05,56636319.3581,12
Tuesday,2022-06-14 18:00:00+00:00,2022-06-14T19:00:00.0000000Z,2022-06-14T18:56:31.9520000Z,2022-06-14T18:56:31.9520000Z,5.995e-05,5.995e-05,5.995e-05,5.995e-05,15779.8165,1
Tuesday,2022-06-14 21:00:00+00:00,2022-06-14T22:00:00.0000000Z,2022-06-14T21:44:40.9970000Z,2022-06-14T21:44:42.2910000Z,5.723e-05,5.722e-05,5.723e-05,5.722e-05,7911961.411,2
Tuesday,2022-06-14 22:00:00+00:00,2022-06-14T23:00:00.0000000Z,2022-06-14T22:44:31.4000000Z,2022-06-14T22:49:01.1930000Z,5.922e-05,6.03e-05,6.03e-05,5.922e-05,4383377.943,2
Tuesday,2022-06-14 23:00:00+00:00,2022-06-15T00:00:00.0000000Z,2022-06-14T23:06:17.8390000Z,2022-06-14T23:11:42.0960000Z,6.042e-05,6.073e-05,6.073e-05,6.042e-05,11383682.5009,2
Wednesday,2022-06-15 00:00:00+00:00,2022-06-15T01:00:00.0000000Z,2022-06-15T00:00:33.9620000Z,2022-06-15T00:52:01.6400000Z,6.013e-05,6.027e-05,6.027e-05,6.013e-05,15071593.7623,2
Wednesday,2022-06-15 04:00:00+00:00,2022-06-15T05:00:00.0000000Z,2022-06-15T04:48:43.0770000Z,2022-06-15T04:48:43.0770000Z,5.838e-05,5.838e-05,5.838e-05,5.838e-05,3852708.3396,1
Wednesday,2022-06-15 05:00:00+00:00,2022-06-15T06:00:00.0000000Z,2022-06-15T05:33:54.6680000Z,2022-06-15T05:33:54.6680000Z,5.809e-05,5.809e-05,5.809e-05,5.809e-05,2500000.0,1
Wednesday,2022-06-15 09:00:00+00:00,2022-06-15T10:00:00.0000000Z,2022-06-15T09:27:42.9990000Z,2022-06-15T09:31:36.0620000Z,5.472e-05,5.411e-05,5.472e-05,5.411e-05,32268034.7504,3
Wednesday,2022-06-15 10:00:00+00:00,2022-06-15T11:00:00.0000000Z,2022-06-15T10:09:08.6890000Z,2022-06-15T10:36:23.0450000Z,5.569e-05,5.775e-05,5.775e-05,5.558e-05,25758096.4892,5
Wednesday,2022-06-15 12:00:00+00:00,2022-06-15T13:00:00.0000000Z,2022-06-15T12:32:12.1080000Z,2022-06-15T12:50:20.5070000Z,5.801e-05,5.796e-05,5.801e-05,5.796e-05,862960.1792,2
Wednesday,2022-06-15 13:00:00+00:00,2022-06-15T14:00:00.0000000Z,2022-06-15T13:51:25.8000000Z,2022-06-15T13:51:25.9840000Z,5.916e-05,5.922e-05,5.922e-05,5.916e-05,58583737.7159,3
Wednesday,2022-06-15 16:00:00+00:00,2022-06-15T17:00:00.0000000Z,2022-06-15T16:20:06.2680000Z,2022-06-15T16:57:39.9530000Z,5.843e-05,5.605e-05,5.843e-05,5.605e-05,43798879.1428,5
Wednesday,2022-06-15 17:00:00+00:00,2022-06-15T18:00:00.0000000Z,2022-06-15T17:09:18.3470000Z,2022-06-15T17:46:58.4840000Z,5.599e-05,5.654e-05,5.654e-05,5.599e-05,4409843.3208,2
Wednesday,2022-06-15 18:00:00+00:00,2022-06-15T19:00:00.0000000Z,2022-06-15T18:53:56.5030000Z,2022-06-15T18:53:56.5030000Z,5.815e-05,5.821e-05,5.821e-05,5.815e-05,23833654.104,4
Wednesday,2022-06-15 19:00:00+00:00,2022-06-15T20:00:00.0000000Z,2022-06-15T19:01:20.4920000Z,2022-06-15T19:56:21.8520000Z,5.927e-05,5.94e-05,6.086e-05,5.927e-05,31556430.4061,7
Wednesday,2022-06-15 20:00:00+00:00,2022-06-15T21:00:00.0000000Z,2022-06-15T20:00:53.0810000Z,2022-06-15T20:00:53.0810000Z,5.995e-05,5.995e-05,5.995e-05,5.995e-05,1130222.7574,1
Wednesday,2022-06-15 23:00:00+00:00,2022-06-16T00:00:00.0000000Z,2022-06-15T23:05:31.8910000Z,2022-06-15T23:53:37.4090000Z,6.044e-05,6.159e-05,6.159e-05,6.037e-05,26883518.6721,5
Thursday,2022-06-16 00:00:00+00:00,2022-06-16T01:00:00.0000000Z,2022-06-16T00:38:49.7640000Z,2022-06-16T00:38:49.7640000Z,6.32e-05,6.327e-05,6.327e-05,6.32e-05,22670448.87,4
Thursday,2022-06-16 01:00:00+00:00,2022-06-16T02:00:00.0000000Z,2022-06-16T01:55:27.7450000Z,2022-06-16T01:59:35.3140000Z,6.237e-05,6.151e-05,6.237e-05,6.151e-05,27086721.2955,5
Thursday,2022-06-16 02:00:00+00:00,2022-06-16T03:00:00.0000000Z,2022-06-16T02:18:25.2750000Z,2022-06-16T02:18:25.2750000Z,6.2e-05,6.207e-05,6.207e-05,6.2e-05,32050324.2213,5
Thursday,2022-06-16 09:00:00+00:00,2022-06-16T10:00:00.0000000Z,2022-06-16T09:32:53.6740000Z,2022-06-16T09:32:55.5600000Z,5.907e-05,5.907e-05,5.907e-05,5.907e-05,2991387.1865,2
Thursday,2022-06-16 14:00:00+00:00,2022-06-16T15:00:00.0000000Z,2022-06-16T14:37:59.9690000Z,2022-06-16T14:37:59.9690000Z,5.833e-05,5.833e-05,5.833e-05,5.833e-05,514277.0,1
Thursday,2022-06-16 15:00:00+00:00,2022-06-16T16:00:00.0000000Z,2022-06-16T15:42:43.7690000Z,2022-06-16T15:42:43.7690000Z,5.9e-05,5.9e-05,5.9e-05,5.9e-05,143453.5,1
